"store","kind","source_product_id","source","signals","position","recommended_product_id","recommendation","score","reason","parts"
"use-centro","city","3915458","Goiânia · Ponto de Origem","locality:Goiânia/GO, family:ponto-de-origem","1","4748069","Goiânia · Feito em","1000","same-locality:feito-em","same-locality:feito-em"
"use-centro","city","3915458","Goiânia · Ponto de Origem","locality:Goiânia/GO, family:ponto-de-origem","2","3915457","Goiânia · Coordenadas","999","same-locality:coordinates","same-locality:coordenadas"
"use-centro","city","3915458","Goiânia · Ponto de Origem","locality:Goiânia/GO, family:ponto-de-origem","3","3944785","Made in Goiás","149","same-uf","+80 same-uf:GO; +60 complementary-family:state-identity; +9 popularity"
"use-centro","city","3915458","Goiânia · Ponto de Origem","locality:Goiânia/GO, family:ponto-de-origem","4","3918127","Sul Goiano · 064","83","same-uf","+80 same-uf:GO; +3 popularity"
"use-centro","city","4750958","Cuiabá · Feito em","locality:Cuiabá/MT, family:feito-em","1","3915474","Cuiabá · Coordenadas","1000","same-locality:coordinates","same-locality:coordenadas"
"use-centro","city","4750958","Cuiabá · Feito em","locality:Cuiabá/MT, family:feito-em","2","3915465","Cuiabá · Ponto de Origem","999","same-locality:family","same-locality:ponto-de-origem"
"use-centro","city","4750958","Cuiabá · Feito em","locality:Cuiabá/MT, family:feito-em","3","3918103","Mato Grosso · Clean","150","same-uf","+80 same-uf:MT; +60 complementary-family:state-identity; +10 popularity"
"use-centro","city","4750958","Cuiabá · Feito em","locality:Cuiabá/MT, family:feito-em","4","3918111","Vale do Rio Cuiabá · 065","114","same-uf","+80 same-uf:MT; +30 shared-tokens:cuiaba; +4 popularity"
"use-centro","city","4021245","Taguatinga · Ponto de Origem","locality:Taguatinga/DF, family:ponto-de-origem","1","4746571","Taguatinga · Feito em","1000","same-locality:feito-em","same-locality:feito-em"
"use-centro","city","4021245","Taguatinga · Ponto de Origem","locality:Taguatinga/DF, family:ponto-de-origem","2","4233267","Taguatinga · Coordenadas","999","same-locality:coordinates","same-locality:coordenadas"
"use-centro","city","4021245","Taguatinga · Ponto de Origem","locality:Taguatinga/DF, family:ponto-de-origem","3","3944830","Distrito Federal · Clean","206","same-region","+80 same-uf:DF; +60 same-region:distrito-federal; +60 complementary-family:state-identity; +6 popularity"
"use-centro","city","4021245","Taguatinga · Ponto de Origem","locality:Taguatinga/DF, family:ponto-de-origem","4","4236269","Na Quadra · Dizeres","84","same-uf","+80 same-uf:DF; +4 popularity"
"use-centro","city","3974343","Catalão · Ponto de Origem","locality:Catalão/GO, family:ponto-de-origem","1","4747562","Catalão · Feito em","1000","same-locality:feito-em","same-locality:feito-em"
"use-centro","city","3974343","Catalão · Ponto de Origem","locality:Catalão/GO, family:ponto-de-origem","2","3974340","Catalão · Coordenadas","999","same-locality:coordinates","same-locality:coordenadas"
"use-centro","city","3974343","Catalão · Ponto de Origem","locality:Catalão/GO, family:ponto-de-origem","3","3944785","Made in Goiás","149","same-uf","+80 same-uf:GO; +60 complementary-family:state-identity; +9 popularity"
"use-centro","city","3974343","Catalão · Ponto de Origem","locality:Catalão/GO, family:ponto-de-origem","4","3918127","Sul Goiano · 064","143","same-region","+80 same-uf:GO; +60 same-region:sul-goiano; +3 popularity"
"use-centro","city","4233181","Gama · Ponto de Origem","locality:Gama/DF, family:ponto-de-origem","1","4746272","Gama · Feito em","1000","same-locality:feito-em","same-locality:feito-em"
"use-centro","city","4233181","Gama · Ponto de Origem","locality:Gama/DF, family:ponto-de-origem","2","4233180","Gama · Coordenadas","999","same-locality:coordinates","same-locality:coordenadas"
"use-centro","city","4233181","Gama · Ponto de Origem","locality:Gama/DF, family:ponto-de-origem","3","3944830","Distrito Federal · Clean","206","same-region","+80 same-uf:DF; +60 same-region:distrito-federal; +60 complementary-family:state-identity; +6 popularity"
"use-centro","city","4233181","Gama · Ponto de Origem","locality:Gama/DF, family:ponto-de-origem","4","4236269","Na Quadra · Dizeres","84","same-uf","+80 same-uf:DF; +4 popularity"
"use-centro","city","3915473","Campo Grande · Ponto de Origem","locality:Campo Grande/MS, family:ponto-de-origem","1","4752740","Campo Grande · Feito em","1000","same-locality:feito-em","same-locality:feito-em"
"use-centro","city","3915473","Campo Grande · Ponto de Origem","locality:Campo Grande/MS, family:ponto-de-origem","2","3915472","Campo Grande · Coordenadas","999","same-locality:coordinates","same-locality:coordenadas"
"use-centro","city","3915473","Campo Grande · Ponto de Origem","locality:Campo Grande/MS, family:ponto-de-origem","3","3944788","Made in Mato Grosso do Sul","150","same-uf","+80 same-uf:MS; +60 complementary-family:state-identity; +10 popularity"
"use-centro","city","3915473","Campo Grande · Ponto de Origem","locality:Campo Grande/MS, family:ponto-de-origem","4","3980531","Sul-Mato-Grossense · 067","88","same-uf","+80 same-uf:MS; +8 popularity"
"use-centro","city","3936953","Corumbá · Ponto de Origem","locality:Corumbá/MS, family:ponto-de-origem","1","4752862","Corumbá · Feito em","1000","same-locality:feito-em","same-locality:feito-em"
"use-centro","city","3936953","Corumbá · Ponto de Origem","locality:Corumbá/MS, family:ponto-de-origem","2","3936952","Corumbá · Coordenadas","999","same-locality:coordinates","same-locality:coordenadas"
"use-centro","city","3936953","Corumbá · Ponto de Origem","locality:Corumbá/MS, family:ponto-de-origem","3","3944788","Made in Mato Grosso do Sul","150","same-uf","+80 same-uf:MS; +60 complementary-family:state-identity; +10 popularity"
"use-centro","city","3936953","Corumbá · Ponto de Origem","locality:Corumbá/MS, family:ponto-de-origem","4","3980531","Sul-Mato-Grossense · 067","88","same-uf","+80 same-uf:MS; +8 popularity"
"use-centro","city","3963968","Ceilândia · Ponto de Origem","locality:Ceilândia/DF, family:ponto-de-origem","1","4746230","Ceilândia · Feito em","1000","same-locality:feito-em","same-locality:feito-em"
"use-centro","city","3963968","Ceilândia · Ponto de Origem","locality:Ceilândia/DF, family:ponto-de-origem","2","4233168","Ceilândia · Coordenadas","999","same-locality:coordinates","same-locality:coordenadas"
"use-centro","city","3963968","Ceilândia · Ponto de Origem","locality:Ceilândia/DF, family:ponto-de-origem","3","3944830","Distrito Federal · Clean","206","same-region","+80 same-uf:DF; +60 same-region:distrito-federal; +60 complementary-family:state-identity; +6 popularity"
"use-centro","city","3963968","Ceilândia · Ponto de Origem","locality:Ceilândia/DF, family:ponto-de-origem","4","4236269","Na Quadra · Dizeres","84","same-uf","+80 same-uf:DF; +4 popularity"
"use-centro","city","4233268","Taguatinga · Ponto de Origem","locality:Taguatinga/DF, family:ponto-de-origem","1","4746571","Taguatinga · Feito em","1000","same-locality:feito-em","same-locality:feito-em"
"use-centro","city","4233268","Taguatinga · Ponto de Origem","locality:Taguatinga/DF, family:ponto-de-origem","2","4233267","Taguatinga · Coordenadas","999","same-locality:coordinates","same-locality:coordenadas"
"use-centro","city","4233268","Taguatinga · Ponto de Origem","locality:Taguatinga/DF, family:ponto-de-origem","3","3944830","Distrito Federal · Clean","206","same-region","+80 same-uf:DF; +60 same-region:distrito-federal; +60 complementary-family:state-identity; +6 popularity"
"use-centro","city","4233268","Taguatinga · Ponto de Origem","locality:Taguatinga/DF, family:ponto-de-origem","4","4236269","Na Quadra · Dizeres","84","same-uf","+80 same-uf:DF; +4 popularity"
"use-centro","city","4677774","Tapira · Ponto de Origem","locality:Itapirapuã/GO, family:ponto-de-origem, variant:regional, sub-locality","1","4748367","Itapirapuã · Feito em","1000","same-locality:feito-em","same-locality:feito-em"
"use-centro","city","4677774","Tapira · Ponto de Origem","locality:Itapirapuã/GO, family:ponto-de-origem, variant:regional, sub-locality","2","4112467","Itapirapuã · Coordenadas","999","same-locality:coordinates","same-locality:coordenadas"
"use-centro","city","4677774","Tapira · Ponto de Origem","locality:Itapirapuã/GO, family:ponto-de-origem, variant:regional, sub-locality","3","3944785","Made in Goiás","149","same-uf","+80 same-uf:GO; +60 complementary-family:state-identity; +9 popularity"
"use-centro","city","4677774","Tapira · Ponto de Origem","locality:Itapirapuã/GO, family:ponto-de-origem, variant:regional, sub-locality","4","3918127","Sul Goiano · 064","83","same-uf","+80 same-uf:GO; +3 popularity"
"use-centro","editorial","4425066","É bem mato grosso!","uf:MT(state-name), personal-order","1","3918103","Mato Grosso · Clean","120","same-uf","+80 same-uf:MT; +30 shared-tokens:grosso,mato; +10 popularity"
"use-centro","editorial","4425066","É bem mato grosso!","uf:MT(state-name), personal-order","2","3918123","Sul Mato-Grossense · 066","113","same-uf","+80 same-uf:MT; +30 shared-tokens:mato; +3 popularity"
"use-centro","editorial","4425066","É bem mato grosso!","uf:MT(state-name), personal-order","3","3918116","Norte Mato-Grossense · 066","112","same-uf","+80 same-uf:MT; +30 shared-tokens:mato; +2 popularity"
"use-centro","editorial","4425066","É bem mato grosso!","uf:MT(state-name), personal-order","4","4236001","Pai Mato-Grossense Fazendeiro · Lenda","110","same-uf","+80 same-uf:MT; +30 shared-tokens:mato"
"use-centro","editorial","3915846","Mato Grosso do Sul · Minimal","uf:MS(state-name), collection:basicos-de-origem, line:minimal, state-identity","1","3915847","Mato Grosso · Minimal","242","same-collection","+120 same-collection:basicos-de-origem; +90 same-line:minimal; +30 shared-tokens:grosso,mato; +2 popularity"
"use-centro","editorial","3915846","Mato Grosso do Sul · Minimal","uf:MS(state-name), collection:basicos-de-origem, line:minimal, state-identity","2","3915845","Goiás · Minimal","215","same-collection","+120 same-collection:basicos-de-origem; +90 same-line:minimal; +5 popularity"
"use-centro","editorial","3915846","Mato Grosso do Sul · Minimal","uf:MS(state-name), collection:basicos-de-origem, line:minimal, state-identity","3","3944788","Made in Mato Grosso do Sul","120","same-uf","+80 same-uf:MS; +30 shared-tokens:grosso,mato,sul; +10 popularity"
"use-centro","editorial","3915846","Mato Grosso do Sul · Minimal","uf:MS(state-name), collection:basicos-de-origem, line:minimal, state-identity","4","3980531","Sul-Mato-Grossense · 067","118","same-uf","+80 same-uf:MS; +30 shared-tokens:mato,sul; +8 popularity"
"use-centro","editorial","4236269","Na Quadra · Dizeres","uf:DF(collection), collection:dito-no-centro, line:dizeres","1","4236271","Brasiliense · Dizeres","293","same-collection","+120 same-collection:dito-no-centro; +90 same-line:dizeres; +80 same-uf:DF; +3 popularity"
"use-centro","editorial","4236269","Na Quadra · Dizeres","uf:DF(collection), collection:dito-no-centro, line:dizeres","2","4236272","Bicho · Dizeres","210","same-collection","+120 same-collection:dito-no-centro; +90 same-line:dizeres"
"use-centro","editorial","4236269","Na Quadra · Dizeres","uf:DF(collection), collection:dito-no-centro, line:dizeres","3","4236041","Pai Candango Ciclista · Lenda","80","same-uf","+80 same-uf:DF"
"use-centro","editorial","4236269","Na Quadra · Dizeres","uf:DF(collection), collection:dito-no-centro, line:dizeres","4","4236042","Mãe Candanga Corredora · Lenda","80","same-uf","+80 same-uf:DF"
"use-centro","editorial","3980531","Sul-Mato-Grossense · 067","uf:MS(ddd), collection:fala-de-onde, line:ddd","1","3980516","Centro Sul-Mato-Grossense · 067 Regional","325","same-collection","+120 same-collection:fala-de-onde; +90 same-line:ddd; +80 same-uf:MS; +30 shared-tokens:grossense,mato,sul; +5 popularity"
"use-centro","editorial","3980531","Sul-Mato-Grossense · 067","uf:MS(ddd), collection:fala-de-onde, line:ddd","2","3918110","Região Sul · 067","323","same-collection","+120 same-collection:fala-de-onde; +90 same-line:ddd; +80 same-uf:MS; +30 shared-tokens:sul; +3 popularity"
"use-centro","editorial","3980531","Sul-Mato-Grossense · 067","uf:MS(ddd), collection:fala-de-onde, line:ddd","3","3944788","Made in Mato Grosso do Sul","120","same-uf","+80 same-uf:MS; +30 shared-tokens:mato,sul; +10 popularity"
"use-centro","editorial","3980531","Sul-Mato-Grossense · 067","uf:MS(ddd), collection:fala-de-onde, line:ddd","4","4235920","Pantaneiro · Essência","87","same-uf","+80 same-uf:MS; +7 popularity"
"use-centro","editorial","3918103","Mato Grosso · Clean","uf:MT(state-name), collection:identidade, line:clean, state-identity","1","3918104","Mato Grosso do Sul · Clean","250","same-collection","+120 same-collection:identidade; +90 same-line:clean; +30 shared-tokens:grosso,mato; +10 popularity"
"use-centro","editorial","3918103","Mato Grosso · Clean","uf:MT(state-name), collection:identidade, line:clean, state-identity","2","4235930","Mato-grossense · Essência","233","same-collection","+120 same-collection:identidade; +80 same-uf:MT; +30 shared-tokens:mato; +3 popularity"
"use-centro","editorial","3918103","Mato Grosso · Clean","uf:MT(state-name), collection:identidade, line:clean, state-identity","3","3918123","Sul Mato-Grossense · 066","113","same-uf","+80 same-uf:MT; +30 shared-tokens:mato; +3 popularity"
"use-centro","editorial","3918103","Mato Grosso · Clean","uf:MT(state-name), collection:identidade, line:clean, state-identity","4","3918116","Norte Mato-Grossense · 066","112","same-uf","+80 same-uf:MT; +30 shared-tokens:mato; +2 popularity"
"use-centro","editorial","4235960","Esposa Goiana Corredora · Lenda","uf:GO(demonym), collection:lenda-do-centro, line:lenda, theme:esporte, theme:familia","1","4235974","Mãe Goiana Pequizeira · Lenda","370","same-collection","+120 same-collection:lenda-do-centro; +90 same-line:lenda; +80 same-uf:GO; +50 same-theme:familia; +30 shared-tokens:goiana"
"use-centro","editorial","4235960","Esposa Goiana Corredora · Lenda","uf:GO(demonym), collection:lenda-do-centro, line:lenda, theme:esporte, theme:familia","2","4235970","Filho Goiano Corredor · Lenda","340","same-collection","+120 same-collection:lenda-do-centro; +90 same-line:lenda; +80 same-uf:GO; +50 same-theme:esporte"
"use-centro","editorial","4235960","Esposa Goiana Corredora · Lenda","uf:GO(demonym), collection:lenda-do-centro, line:lenda, theme:esporte, theme:familia","3","3944785","Made in Goiás","89","same-uf","+80 same-uf:GO; +9 popularity"
"use-centro","editorial","4235960","Esposa Goiana Corredora · Lenda","uf:GO(demonym), collection:lenda-do-centro, line:lenda, theme:esporte, theme:familia","4","3918127","Sul Goiano · 064","83","same-uf","+80 same-uf:GO; +3 popularity"
"use-centro","editorial","3944788","Made in Mato Grosso do Sul","uf:MS(state-name), collection:made-in-centro-oeste, line:made in, state-identity","1","3944789","Made in Distrito Federal","250","same-collection","+120 same-collection:made-in-centro-oeste; +90 same-line:made in; +30 shared-tokens:made; +10 popularity"
"use-centro","editorial","3944788","Made in Mato Grosso do Sul","uf:MS(state-name), collection:made-in-centro-oeste, line:made in, state-identity","2","3944785","Made in Goiás","249","same-collection","+120 same-collection:made-in-centro-oeste; +90 same-line:made in; +30 shared-tokens:made; +9 popularity"
"use-centro","editorial","3944788","Made in Mato Grosso do Sul","uf:MS(state-name), collection:made-in-centro-oeste, line:made in, state-identity","3","3918104","Mato Grosso do Sul · Clean","120","same-uf","+80 same-uf:MS; +30 shared-tokens:grosso,mato,sul; +10 popularity"
"use-centro","editorial","3944788","Made in Mato Grosso do Sul","uf:MS(state-name), collection:made-in-centro-oeste, line:made in, state-identity","4","3980531","Sul-Mato-Grossense · 067","118","same-uf","+80 same-uf:MS; +30 shared-tokens:mato,sul; +8 popularity"
"use-centro","editorial","4235958","Mãe Goiana Trilheira Lenda","uf:GO(demonym), theme:esporte, theme:familia","1","4235960","Esposa Goiana Corredora · Lenda","160","same-theme","+80 same-uf:GO; +50 same-theme:esporte; +30 shared-tokens:goiana"
"use-centro","editorial","4235958","Mãe Goiana Trilheira Lenda","uf:GO(demonym), theme:esporte, theme:familia","2","4235974","Mãe Goiana Pequizeira · Lenda","160","same-theme","+80 same-uf:GO; +50 same-theme:familia; +30 shared-tokens:goiana,mae"
"use-centro","editorial","4235958","Mãe Goiana Trilheira Lenda","uf:GO(demonym), theme:esporte, theme:familia","3","3944785","Made in Goiás","89","same-uf","+80 same-uf:GO; +9 popularity"
"use-centro","editorial","4235958","Mãe Goiana Trilheira Lenda","uf:GO(demonym), theme:esporte, theme:familia","4","3918127","Sul Goiano · 064","83","same-uf","+80 same-uf:GO; +3 popularity"
"use-centro","editorial","3915845","Goiás · Minimal","uf:GO(state-name), collection:basicos-de-origem, line:minimal, state-identity","1","3915846","Mato Grosso do Sul · Minimal","217","same-collection","+120 same-collection:basicos-de-origem; +90 same-line:minimal; +7 popularity"
"use-centro","editorial","3915845","Goiás · Minimal","uf:GO(state-name), collection:basicos-de-origem, line:minimal, state-identity","2","3915851","MT · Minimal","213","same-collection","+120 same-collection:basicos-de-origem; +90 same-line:minimal; +3 popularity"
"use-centro","editorial","3915845","Goiás · Minimal","uf:GO(state-name), collection:basicos-de-origem, line:minimal, state-identity","3","3944785","Made in Goiás","119","same-uf","+80 same-uf:GO; +30 shared-tokens:goias; +9 popularity"
"use-centro","editorial","3915845","Goiás · Minimal","uf:GO(state-name), collection:basicos-de-origem, line:minimal, state-identity","4","3918127","Sul Goiano · 064","83","same-uf","+80 same-uf:GO; +3 popularity"
"use-centro","editorial","4236271","Brasiliense · Dizeres","uf:DF(demonym), collection:dito-no-centro, line:dizeres, state-identity","1","4236269","Na Quadra · Dizeres","294","same-collection","+120 same-collection:dito-no-centro; +90 same-line:dizeres; +80 same-uf:DF; +4 popularity"
"use-centro","editorial","4236271","Brasiliense · Dizeres","uf:DF(demonym), collection:dito-no-centro, line:dizeres, state-identity","2","4236272","Bicho · Dizeres","210","same-collection","+120 same-collection:dito-no-centro; +90 same-line:dizeres"
"use-centro","editorial","4236271","Brasiliense · Dizeres","uf:DF(demonym), collection:dito-no-centro, line:dizeres, state-identity","3","3944789","Made in Distrito Federal","90","same-uf","+80 same-uf:DF; +10 popularity"
"use-centro","editorial","4236271","Brasiliense · Dizeres","uf:DF(demonym), collection:dito-no-centro, line:dizeres, state-identity","4","4236041","Pai Candango Ciclista · Lenda","80","same-uf","+80 same-uf:DF"
"use-centro","editorial","3980516","Centro Sul-Mato-Grossense · 067 Regional","uf:MS(ddd), collection:fala-de-onde, line:ddd","1","3980531","Sul-Mato-Grossense · 067","328","same-collection","+120 same-collection:fala-de-onde; +90 same-line:ddd; +80 same-uf:MS; +30 shared-tokens:grossense,mato,sul; +8 popularity"
"use-centro","editorial","3980516","Centro Sul-Mato-Grossense · 067 Regional","uf:MS(ddd), collection:fala-de-onde, line:ddd","2","3918110","Região Sul · 067","323","same-collection","+120 same-collection:fala-de-onde; +90 same-line:ddd; +80 same-uf:MS; +30 shared-tokens:sul; +3 popularity"
"use-centro","editorial","3980516","Centro Sul-Mato-Grossense · 067 Regional","uf:MS(ddd), collection:fala-de-onde, line:ddd","3","3944788","Made in Mato Grosso do Sul","120","same-uf","+80 same-uf:MS; +30 shared-tokens:mato,sul; +10 popularity"
"use-centro","editorial","3980516","Centro Sul-Mato-Grossense · 067 Regional","uf:MS(ddd), collection:fala-de-onde, line:ddd","4","4235920","Pantaneiro · Essência","87","same-uf","+80 same-uf:MS; +7 popularity"
"use-centro","editorial","3918104","Mato Grosso do Sul · Clean","uf:MS(state-name), collection:identidade, line:clean, state-identity","1","3918103","Mato Grosso · Clean","250","same-collection","+120 same-collection:identidade; +90 same-line:clean; +30 shared-tokens:grosso,mato; +10 popularity"
"use-centro","editorial","3918104","Mato Grosso do Sul · Clean","uf:MS(state-name), collection:identidade, line:clean, state-identity","2","3944830","Distrito Federal · Clean","216","same-collection","+120 same-collection:identidade; +90 same-line:clean; +6 popularity"
"use-centro","editorial","3918104","Mato Grosso do Sul · Clean","uf:MS(state-name), collection:identidade, line:clean, state-identity","3","3944788","Made in Mato Grosso do Sul","120","same-uf","+80 same-uf:MS; +30 shared-tokens:grosso,mato,sul; +10 popularity"
"use-centro","editorial","3918104","Mato Grosso do Sul · Clean","uf:MS(state-name), collection:identidade, line:clean, state-identity","4","3980531","Sul-Mato-Grossense · 067","118","same-uf","+80 same-uf:MS; +30 shared-tokens:mato,sul; +8 popularity"
"use-norte","city","4170494","Belém · Ponto de Origem","locality:Belém/PA, family:ponto-de-origem","1","4754537","Belém · Feito em","1000","same-locality:feito-em","same-locality:feito-em"
"use-norte","city","4170494","Belém · Ponto de Origem","locality:Belém/PA, family:ponto-de-origem","2","4170489","Belém · Coordenadas","999","same-locality:coordinates","same-locality:coordenadas"
"use-norte","city","4170494","Belém · Ponto de Origem","locality:Belém/PA, family:ponto-de-origem","3","4251763","Metropolitana de Belém · 091","170","same-region","+80 same-uf:PA; +60 same-region:metropolitana-de-belem; +30 shared-tokens:belem"
"use-norte","city","4170494","Belém · Ponto de Origem","locality:Belém/PA, family:ponto-de-origem","4","4251461","Made in Pará","148","same-uf","+80 same-uf:PA; +60 complementary-family:state-identity; +8 popularity"
"use-norte","city","4159998","Manaus · Coordenadas","locality:Manaus/AM, family:coordenadas","1","4753603","Manaus · Feito em","1000","same-locality:feito-em","same-locality:feito-em"
"use-norte","city","4159998","Manaus · Coordenadas","locality:Manaus/AM, family:coordenadas","2","4159999","Manaus · Ponto de Origem","999","same-locality:family","same-locality:ponto-de-origem"
"use-norte","city","4159998","Manaus · Coordenadas","locality:Manaus/AM, family:coordenadas","3","4251456","Made in Amazonas","148","same-uf","+80 same-uf:AM; +60 complementary-family:state-identity; +8 popularity"
"use-norte","city","4159998","Manaus · Coordenadas","locality:Manaus/AM, family:coordenadas","4","4251743","Centro Amazonense · 092","140","same-region","+80 same-uf:AM; +60 same-region:centro-amazonense"
"use-norte","city","4160035","Parintins · Ponto de Origem","locality:Parintins/AM, family:ponto-de-origem","1","4753801","Parintins · Feito em","1000","same-locality:feito-em","same-locality:feito-em"
"use-norte","city","4160035","Parintins · Ponto de Origem","locality:Parintins/AM, family:ponto-de-origem","2","4160034","Parintins · Coordenadas","999","same-locality:coordinates","same-locality:coordenadas"
"use-norte","city","4160035","Parintins · Ponto de Origem","locality:Parintins/AM, family:ponto-de-origem","3","4251456","Made in Amazonas","148","same-uf","+80 same-uf:AM; +60 complementary-family:state-identity; +8 popularity"
"use-norte","city","4160035","Parintins · Ponto de Origem","locality:Parintins/AM, family:ponto-de-origem","4","4251743","Centro Amazonense · 092","140","same-region","+80 same-uf:AM; +60 same-region:centro-amazonense"
"use-norte","city","4160863","Porto Velho · Ponto de Origem","locality:Porto Velho/RO, family:ponto-de-origem","1","4756375","Porto Velho · Feito em","1000","same-locality:feito-em","same-locality:feito-em"
"use-norte","city","4160863","Porto Velho · Ponto de Origem","locality:Porto Velho/RO, family:ponto-de-origem","2","4160858","Porto Velho · Coordenadas","999","same-locality:coordinates","same-locality:coordenadas"
"use-norte","city","4160863","Porto Velho · Ponto de Origem","locality:Porto Velho/RO, family:ponto-de-origem","3","4251291","Rondônia","149","same-uf","+80 same-uf:RO; +60 complementary-family:state-identity; +9 popularity"
"use-norte","city","4160863","Porto Velho · Ponto de Origem","locality:Porto Velho/RO, family:ponto-de-origem","4","4251774","Madeira-Guaporé · 069","140","same-region","+80 same-uf:RO; +60 same-region:madeira-guapore"
"use-norte","city","4159723","Tarauacá · Ponto de Origem","locality:Tarauacá/AC, family:ponto-de-origem","1","4752759","Tarauacá · Feito em","1000","same-locality:feito-em","same-locality:feito-em"
"use-norte","city","4159723","Tarauacá · Ponto de Origem","locality:Tarauacá/AC, family:ponto-de-origem","2","4159722","Tarauacá · Coordenadas","999","same-locality:coordinates","same-locality:coordenadas"
"use-norte","city","4159723","Tarauacá · Ponto de Origem","locality:Tarauacá/AC, family:ponto-de-origem","3","4251449","Made in Acre","147","same-uf","+80 same-uf:AC; +60 complementary-family:state-identity; +7 popularity"
"use-norte","city","4159723","Tarauacá · Ponto de Origem","locality:Tarauacá/AC, family:ponto-de-origem","4","4251733","Vale do Juruá · 068","140","same-region","+80 same-uf:AC; +60 same-region:vale-do-jurua"
"use-norte","city","4159952","Humaitá · Ponto de Origem","locality:Humaitá/AM, family:ponto-de-origem","1","4753333","Humaitá · Feito em","1000","same-locality:feito-em","same-locality:feito-em"
"use-norte","city","4159952","Humaitá · Ponto de Origem","locality:Humaitá/AM, family:ponto-de-origem","2","4159951","Humaitá · Coordenadas","999","same-locality:coordinates","same-locality:coordenadas"
"use-norte","city","4159952","Humaitá · Ponto de Origem","locality:Humaitá/AM, family:ponto-de-origem","3","4251456","Made in Amazonas","148","same-uf","+80 same-uf:AM; +60 complementary-family:state-identity; +8 popularity"
"use-norte","city","4159952","Humaitá · Ponto de Origem","locality:Humaitá/AM, family:ponto-de-origem","4","4251746","Metropolitana de Manaus · 092","83","same-uf","+80 same-uf:AM; +3 popularity"
"use-norte","city","4159962","Itacoatiara · Ponto de Origem","locality:Itacoatiara/AM, family:ponto-de-origem","1","4753394","Itacoatiara · Feito em","1000","same-locality:feito-em","same-locality:feito-em"
"use-norte","city","4159962","Itacoatiara · Ponto de Origem","locality:Itacoatiara/AM, family:ponto-de-origem","2","4159961","Itacoatiara · Coordenadas","999","same-locality:coordinates","same-locality:coordenadas"
"use-norte","city","4159962","Itacoatiara · Ponto de Origem","locality:Itacoatiara/AM, family:ponto-de-origem","3","4251456","Made in Amazonas","148","same-uf","+80 same-uf:AM; +60 complementary-family:state-identity; +8 popularity"
"use-norte","city","4159962","Itacoatiara · Ponto de Origem","locality:Itacoatiara/AM, family:ponto-de-origem","4","4251743","Centro Amazonense · 092","140","same-region","+80 same-uf:AM; +60 same-region:centro-amazonense"
"use-norte","city","4160799","Ji-Paraná · Ponto de Origem","locality:Ji-Paraná/RO, family:ponto-de-origem","1","4756240","Ji-Paraná · Feito em","1000","same-locality:feito-em","same-locality:feito-em"
"use-norte","city","4160799","Ji-Paraná · Ponto de Origem","locality:Ji-Paraná/RO, family:ponto-de-origem","2","4160798","Ji-Paraná · Coordenadas","999","same-locality:coordinates","same-locality:coordenadas"
"use-norte","city","4160799","Ji-Paraná · Ponto de Origem","locality:Ji-Paraná/RO, family:ponto-de-origem","3","4251291","Rondônia","149","same-uf","+80 same-uf:RO; +60 complementary-family:state-identity; +9 popularity"
"use-norte","city","4160799","Ji-Paraná · Ponto de Origem","locality:Ji-Paraná/RO, family:ponto-de-origem","4","4251772","Leste Rondoniense · 069","142","same-region","+80 same-uf:RO; +60 same-region:leste-rondoniense; +2 popularity"
"use-norte","city","4579861","Maraã · Ponto de Origem","locality:Maraã/AM, family:ponto-de-origem","1","4753650","Maraã · Feito em","1000","same-locality:feito-em","same-locality:feito-em"
"use-norte","city","4579861","Maraã · Ponto de Origem","locality:Maraã/AM, family:ponto-de-origem","2","4160002","Maraã · Coordenadas","999","same-locality:coordinates","same-locality:coordenadas"
"use-norte","city","4579861","Maraã · Ponto de Origem","locality:Maraã/AM, family:ponto-de-origem","3","4251456","Made in Amazonas","148","same-uf","+80 same-uf:AM; +60 complementary-family:state-identity; +8 popularity"
"use-norte","city","4579861","Maraã · Ponto de Origem","locality:Maraã/AM, family:ponto-de-origem","4","4251748","Norte Amazonense · 097","140","same-region","+80 same-uf:AM; +60 same-region:norte-amazonense"
"use-norte","city","4434733","Rio Caracurú · Ponto de Origem","locality:Oeiras do Pará/PA, family:ponto-de-origem, variant:localidade, sub-locality","1","4755362","Oeiras do Pará · Feito em","1000","same-locality:feito-em","same-locality:feito-em"
"use-norte","city","4434733","Rio Caracurú · Ponto de Origem","locality:Oeiras do Pará/PA, family:ponto-de-origem, variant:localidade, sub-locality","2","4171631","Oeiras do Pará · Coordenadas","999","same-locality:coordinates","same-locality:coordenadas"
"use-norte","city","4434733","Rio Caracurú · Ponto de Origem","locality:Oeiras do Pará/PA, family:ponto-de-origem, variant:localidade, sub-locality","3","4251461","Made in Pará","148","same-uf","+80 same-uf:PA; +60 complementary-family:state-identity; +8 popularity"
"use-norte","city","4434733","Rio Caracurú · Ponto de Origem","locality:Oeiras do Pará/PA, family:ponto-de-origem, variant:localidade, sub-locality","4","4251765","Nordeste Paraense · 091","140","same-region","+80 same-uf:PA; +60 same-region:nordeste-paraense"
"use-norte","editorial","4251744","Rio Negro · 092","uf:AM(ddd), line:ddd","1","4251746","Metropolitana de Manaus · 092","173","same-line","+90 same-line:ddd; +80 same-uf:AM; +3 popularity"
"use-norte","editorial","4251744","Rio Negro · 092","uf:AM(ddd), line:ddd","2","4251743","Centro Amazonense · 092","170","same-line","+90 same-line:ddd; +80 same-uf:AM"
"use-norte","editorial","4251744","Rio Negro · 092","uf:AM(ddd), line:ddd","3","4251456","Made in Amazonas","88","same-uf","+80 same-uf:AM; +8 popularity"
"use-norte","editorial","4251744","Rio Negro · 092","uf:AM(ddd), line:ddd","4","4251748","Norte Amazonense · 097","170","same-line","+90 same-line:ddd; +80 same-uf:AM"
"use-norte","editorial","4251190","Amapá · Minimal","uf:AP(state-name), collection:basicos-de-origem, line:minimal, state-identity","1","4251206","Rondônia · Minimal","218","same-collection","+120 same-collection:basicos-de-origem; +90 same-line:minimal; +8 popularity"
"use-norte","editorial","4251190","Amapá · Minimal","uf:AP(state-name), collection:basicos-de-origem, line:minimal, state-identity","2","4251212","Roraima · Minimal","217","same-collection","+120 same-collection:basicos-de-origem; +90 same-line:minimal; +7 popularity"
"use-norte","editorial","4251190","Amapá · Minimal","uf:AP(state-name), collection:basicos-de-origem, line:minimal, state-identity","3","4251289","Amapá","119","same-uf","+80 same-uf:AP; +30 shared-tokens:amapa; +9 popularity"
"use-norte","editorial","4251190","Amapá · Minimal","uf:AP(state-name), collection:basicos-de-origem, line:minimal, state-identity","4","4251762","Central do Amapá · 096","114","same-uf","+80 same-uf:AP; +30 shared-tokens:amapa; +4 popularity"
"use-norte","editorial","4251762","Central do Amapá · 096","uf:AP(ddd), collection:fala-de-onde, line:ddd","1","4251754","Norte do Amapá · 096","323","same-collection","+120 same-collection:fala-de-onde; +90 same-line:ddd; +80 same-uf:AP; +30 shared-tokens:amapa; +3 popularity"
"use-norte","editorial","4251762","Central do Amapá · 096","uf:AP(ddd), collection:fala-de-onde, line:ddd","2","4251760","Sul do Amapá · 096","320","same-collection","+120 same-collection:fala-de-onde; +90 same-line:ddd; +80 same-uf:AP; +30 shared-tokens:amapa"
"use-norte","editorial","4251762","Central do Amapá · 096","uf:AP(ddd), collection:fala-de-onde, line:ddd","3","4251190","Amapá · Minimal","120","same-uf","+80 same-uf:AP; +30 shared-tokens:amapa; +10 popularity"
"use-norte","editorial","4251762","Central do Amapá · 096","uf:AP(ddd), collection:fala-de-onde, line:ddd","4","4251781","Central de Roraima · 095","240","same-collection","+120 same-collection:fala-de-onde; +90 same-line:ddd; +30 shared-tokens:central"
"use-norte","editorial","4251294","Roraima","uf:RR(state-name), collection:identidade, state-identity","1","4251289","Amapá","129","same-collection","+120 same-collection:identidade; +9 popularity"
"use-norte","editorial","4251294","Roraima","uf:RR(state-name), collection:identidade, state-identity","2","4251291","Rondônia","129","same-collection","+120 same-collection:identidade; +9 popularity"
"use-norte","editorial","4251294","Roraima","uf:RR(state-name), collection:identidade, state-identity","3","4251467","Made in Roraima","118","same-uf","+80 same-uf:RR; +30 shared-tokens:roraima; +8 popularity"
"use-norte","editorial","4251294","Roraima","uf:RR(state-name), collection:identidade, state-identity","4","4251778","Norte de Roraima · 095","113","same-uf","+80 same-uf:RR; +30 shared-tokens:roraima; +3 popularity"
"use-norte","editorial","4251456","Made in Amazonas","uf:AM(state-name), collection:made-in-norte, line:made in, state-identity","1","4251460","Made in Amapá","248","same-collection","+120 same-collection:made-in-norte; +90 same-line:made in; +30 shared-tokens:made; +8 popularity"
"use-norte","editorial","4251456","Made in Amazonas","uf:AM(state-name), collection:made-in-norte, line:made in, state-identity","2","4251461","Made in Pará","248","same-collection","+120 same-collection:made-in-norte; +90 same-line:made in; +30 shared-tokens:made; +8 popularity"
"use-norte","editorial","4251456","Made in Amazonas","uf:AM(state-name), collection:made-in-norte, line:made in, state-identity","3","4251288","Amazonas","113","same-uf","+80 same-uf:AM; +30 shared-tokens:amazonas; +3 popularity"
"use-norte","editorial","4251456","Made in Amazonas","uf:AM(state-name), collection:made-in-norte, line:made in, state-identity","4","4251746","Metropolitana de Manaus · 092","83","same-uf","+80 same-uf:AM; +3 popularity"
"use-norte","editorial","4251206","Rondônia · Minimal","uf:RO(state-name), collection:basicos-de-origem, line:minimal, state-identity","1","4251190","Amapá · Minimal","220","same-collection","+120 same-collection:basicos-de-origem; +90 same-line:minimal; +10 popularity"
"use-norte","editorial","4251206","Rondônia · Minimal","uf:RO(state-name), collection:basicos-de-origem, line:minimal, state-identity","2","4251212","Roraima · Minimal","217","same-collection","+120 same-collection:basicos-de-origem; +90 same-line:minimal; +7 popularity"
"use-norte","editorial","4251206","Rondônia · Minimal","uf:RO(state-name), collection:basicos-de-origem, line:minimal, state-identity","3","4251291","Rondônia","119","same-uf","+80 same-uf:RO; +30 shared-tokens:rondonia; +9 popularity"
"use-norte","editorial","4251206","Rondônia · Minimal","uf:RO(state-name), collection:basicos-de-origem, line:minimal, state-identity","4","4251772","Leste Rondoniense · 069","82","same-uf","+80 same-uf:RO; +2 popularity"
"use-norte","editorial","4251746","Metropolitana de Manaus · 092","uf:AM(ddd), collection:fala-de-onde, line:ddd","1","4251743","Centro Amazonense · 092","290","same-collection","+120 same-collection:fala-de-onde; +90 same-line:ddd; +80 same-uf:AM"
"use-norte","editorial","4251746","Metropolitana de Manaus · 092","uf:AM(ddd), collection:fala-de-onde, line:ddd","2","4251748","Norte Amazonense · 097","290","same-collection","+120 same-collection:fala-de-onde; +90 same-line:ddd; +80 same-uf:AM"
"use-norte","editorial","4251746","Metropolitana de Manaus · 092","uf:AM(ddd), collection:fala-de-onde, line:ddd","3","4251456","Made in Amazonas","88","same-uf","+80 same-uf:AM; +8 popularity"
"use-norte","editorial","4251746","Metropolitana de Manaus · 092","uf:AM(ddd), collection:fala-de-onde, line:ddd","4","4251751","Sudoeste Amazonense · 097","290","same-collection","+120 same-collection:fala-de-onde; +90 same-line:ddd; +80 same-uf:AM"
"use-norte","editorial","4251289","Amapá","uf:AP(state-name), collection:identidade, state-identity","1","4251294","Roraima","129","same-collection","+120 same-collection:identidade; +9 popularity"
"use-norte","editorial","4251289","Amapá","uf:AP(state-name), collection:identidade, state-identity","2","4251291","Rondônia","129","same-collection","+120 same-collection:identidade; +9 popularity"
"use-norte","editorial","4251289","Amapá","uf:AP(state-name), collection:identidade, state-identity","3","4251190","Amapá · Minimal","120","same-uf","+80 same-uf:AP; +30 shared-tokens:amapa; +10 popularity"
"use-norte","editorial","4251289","Amapá","uf:AP(state-name), collection:identidade, state-identity","4","4251762","Central do Amapá · 096","114","same-uf","+80 same-uf:AP; +30 shared-tokens:amapa; +4 popularity"
"use-norte","editorial","4251460","Made in Amapá","uf:AP(state-name), collection:made-in-norte, line:made in, state-identity","1","4251456","Made in Amazonas","248","same-collection","+120 same-collection:made-in-norte; +90 same-line:made in; +30 shared-tokens:made; +8 popularity"
"use-norte","editorial","4251460","Made in Amapá","uf:AP(state-name), collection:made-in-norte, line:made in, state-identity","2","4251461","Made in Pará","248","same-collection","+120 same-collection:made-in-norte; +90 same-line:made in; +30 shared-tokens:made; +8 popularity"
"use-norte","editorial","4251460","Made in Amapá","uf:AP(state-name), collection:made-in-norte, line:made in, state-identity","3","4251190","Amapá · Minimal","120","same-uf","+80 same-uf:AP; +30 shared-tokens:amapa; +10 popularity"
"use-norte","editorial","4251460","Made in Amapá","uf:AP(state-name), collection:made-in-norte, line:made in, state-identity","4","4251762","Central do Amapá · 096","114","same-uf","+80 same-uf:AP; +30 shared-tokens:amapa; +4 popularity"
"use-norte","editorial","4251212","Roraima · Minimal","uf:RR(state-name), collection:basicos-de-origem, line:minimal, state-identity","1","4251190","Amapá · Minimal","220","same-collection","+120 same-collection:basicos-de-origem; +90 same-line:minimal; +10 popularity"
"use-norte","editorial","4251212","Roraima · Minimal","uf:RR(state-name), collection:basicos-de-origem, line:minimal, state-identity","2","4251206","Rondônia · Minimal","218","same-collection","+120 same-collection:basicos-de-origem; +90 same-line:minimal; +8 popularity"
"use-norte","editorial","4251212","Roraima · Minimal","uf:RR(state-name), collection:basicos-de-origem, line:minimal, state-identity","3","4251294","Roraima","119","same-uf","+80 same-uf:RR; +30 shared-tokens:roraima; +9 popularity"
"use-norte","editorial","4251212","Roraima · Minimal","uf:RR(state-name), collection:basicos-de-origem, line:minimal, state-identity","4","4251778","Norte de Roraima · 095","113","same-uf","+80 same-uf:RR; +30 shared-tokens:roraima; +3 popularity"
"use-sul","city","3789929","Florianópolis · Ponto de Origem","locality:Florianópolis/SC, family:ponto-de-origem","1","4714617","Florianópolis · Feito em","1000","same-locality:feito-em","same-locality:feito-em"
"use-sul","city","3789929","Florianópolis · Ponto de Origem","locality:Florianópolis/SC, family:ponto-de-origem","2","3791940","Florianópolis · Coordenadas","999","same-locality:coordinates","same-locality:coordenadas"
"use-sul","city","3789929","Florianópolis · Ponto de Origem","locality:Florianópolis/SC, family:ponto-de-origem","3","3778231","Grande Florianópolis · 048","175","same-region","+80 same-uf:SC; +60 same-region:grande-florianopolis; +30 shared-tokens:florianopolis; +5 popularity"
"use-sul","city","3789929","Florianópolis · Ponto de Origem","locality:Florianópolis/SC, family:ponto-de-origem","4","3922104","Made in Santa Catarina","150","same-uf","+80 same-uf:SC; +60 complementary-family:state-identity; +10 popularity"
"use-sul","city","3827650","Tijucas · Coordenadas","locality:Tijucas/SC, family:coordenadas","1","4717579","Tijucas · Feito em","1000","same-locality:feito-em","same-locality:feito-em"
"use-sul","city","3827650","Tijucas · Coordenadas","locality:Tijucas/SC, family:coordenadas","2","3827655","Tijucas · Ponto de Origem","999","same-locality:family","same-locality:ponto-de-origem"
"use-sul","city","3827650","Tijucas · Coordenadas","locality:Tijucas/SC, family:coordenadas","3","3922104","Made in Santa Catarina","150","same-uf","+80 same-uf:SC; +60 complementary-family:state-identity; +10 popularity"
"use-sul","city","3827650","Tijucas · Coordenadas","locality:Tijucas/SC, family:coordenadas","4","3778231","Grande Florianópolis · 048","145","same-region","+80 same-uf:SC; +60 same-region:grande-florianopolis; +5 popularity"
"use-sul","city","4382115","Bagé · Traço","locality:Bagé/RS, family:traco","1","4706393","Bagé · Feito em","1000","same-locality:feito-em","same-locality:feito-em"
"use-sul","city","4382115","Bagé · Traço","locality:Bagé/RS, family:traco","2","3890097","Bagé · Coordenadas","999","same-locality:coordinates","same-locality:coordenadas"
"use-sul","city","4382115","Bagé · Traço","locality:Bagé/RS, family:traco","3","3922114","Made in Rio Grande do Sul","150","same-uf","+80 same-uf:RS; +60 complementary-family:state-identity; +10 popularity"
"use-sul","city","4382115","Bagé · Traço","locality:Bagé/RS, family:traco","4","3893751","Pai Gaúcho Pescador Churrasqueiro · Lenda","86","same-uf","+80 same-uf:RS; +6 popularity"
"use-sul","city","3789951","Porto Alegre · Ponto de Origem","locality:Porto Alegre/RS, family:ponto-de-origem","1","4710212","Porto Alegre · Feito em","1000","same-locality:feito-em","same-locality:feito-em"
"use-sul","city","3789951","Porto Alegre · Ponto de Origem","locality:Porto Alegre/RS, family:ponto-de-origem","2","3791985","Porto Alegre · Coordenadas","999","same-locality:coordinates","same-locality:coordenadas"
"use-sul","city","3789951","Porto Alegre · Ponto de Origem","locality:Porto Alegre/RS, family:ponto-de-origem","3","3922114","Made in Rio Grande do Sul","150","same-uf","+80 same-uf:RS; +60 complementary-family:state-identity; +10 popularity"
"use-sul","city","3789951","Porto Alegre · Ponto de Origem","locality:Porto Alegre/RS, family:ponto-de-origem","4","3893751","Pai Gaúcho Pescador Churrasqueiro · Lenda","86","same-uf","+80 same-uf:RS; +6 popularity"
"use-sul","city","4702917","Curitiba · Feito em","locality:Curitiba/PR, family:feito-em","1","3792006","Curitiba · Coordenadas","1000","same-locality:coordinates","same-locality:coordenadas"
"use-sul","city","4702917","Curitiba · Feito em","locality:Curitiba/PR, family:feito-em","2","3789953","Curitiba · Ponto de Origem","999","same-locality:family","same-locality:ponto-de-origem"
"use-sul","city","4702917","Curitiba · Feito em","locality:Curitiba/PR, family:feito-em","3","3844110","Paranaense · Essência","150","same-uf","+80 same-uf:PR; +60 complementary-family:state-identity; +10 popularity"
"use-sul","city","4702917","Curitiba · Feito em","locality:Curitiba/PR, family:feito-em","4","3778459","Grande Curitiba · 041","110","same-uf","+80 same-uf:PR; +30 shared-tokens:curitiba"
"use-sul","city","3789935","Torres · Ponto de Origem","locality:Torres/RS, family:ponto-de-origem","1","4712287","Torres · Feito em","1000","same-locality:feito-em","same-locality:feito-em"
"use-sul","city","3789935","Torres · Ponto de Origem","locality:Torres/RS, family:ponto-de-origem","2","3791996","Torres · Coordenadas","999","same-locality:coordinates","same-locality:coordenadas"
"use-sul","city","3789935","Torres · Ponto de Origem","locality:Torres/RS, family:ponto-de-origem","3","3922114","Made in Rio Grande do Sul","150","same-uf","+80 same-uf:RS; +60 complementary-family:state-identity; +10 popularity"
"use-sul","city","3789935","Torres · Ponto de Origem","locality:Torres/RS, family:ponto-de-origem","4","3893751","Pai Gaúcho Pescador Churrasqueiro · Lenda","86","same-uf","+80 same-uf:RS; +6 popularity"
"use-sul","city","3916841","Santiago · Ponto de Origem","locality:Santiago/RS, family:ponto-de-origem","1","4710885","Santiago · Feito em","1000","same-locality:feito-em","same-locality:feito-em"
"use-sul","city","3916841","Santiago · Ponto de Origem","locality:Santiago/RS, family:ponto-de-origem","2","3916842","Santiago · Coordenadas","999","same-locality:coordinates","same-locality:coordenadas"
"use-sul","city","3916841","Santiago · Ponto de Origem","locality:Santiago/RS, family:ponto-de-origem","3","3922114","Made in Rio Grande do Sul","150","same-uf","+80 same-uf:RS; +60 complementary-family:state-identity; +10 popularity"
"use-sul","city","3916841","Santiago · Ponto de Origem","locality:Santiago/RS, family:ponto-de-origem","4","4678903","Santa Maria · Nossa Senhora Medianeira","140","same-region","+80 same-uf:RS; +60 same-region:centro-ocidental-rio-grandense"
"use-sul","city","3813860","Uruguaiana · Ponto de Origem","locality:Uruguaiana/RS, family:ponto-de-origem","1","4712584","Uruguaiana · Feito em","1000","same-locality:feito-em","same-locality:feito-em"
"use-sul","city","3813860","Uruguaiana · Ponto de Origem","locality:Uruguaiana/RS, family:ponto-de-origem","2","3814419","Uruguaiana · Coordenadas","999","same-locality:coordinates","same-locality:coordenadas"
"use-sul","city","3813860","Uruguaiana · Ponto de Origem","locality:Uruguaiana/RS, family:ponto-de-origem","3","3922114","Made in Rio Grande do Sul","150","same-uf","+80 same-uf:RS; +60 complementary-family:state-identity; +10 popularity"
"use-sul","city","3813860","Uruguaiana · Ponto de Origem","locality:Uruguaiana/RS, family:ponto-de-origem","4","3893751","Pai Gaúcho Pescador Churrasqueiro · Lenda","86","same-uf","+80 same-uf:RS; +6 popularity"
"use-sul","city","3789949","Pelotas · Ponto de Origem","locality:Pelotas/RS, family:ponto-de-origem","1","4710008","Pelotas · Feito em","1000","same-locality:feito-em","same-locality:feito-em"
"use-sul","city","3789949","Pelotas · Ponto de Origem","locality:Pelotas/RS, family:ponto-de-origem","2","3791994","Pelotas · Coordenadas","999","same-locality:coordinates","same-locality:coordenadas"
"use-sul","city","3789949","Pelotas · Ponto de Origem","locality:Pelotas/RS, family:ponto-de-origem","3","3922114","Made in Rio Grande do Sul","150","same-uf","+80 same-uf:RS; +60 complementary-family:state-identity; +10 popularity"
"use-sul","city","3789949","Pelotas · Ponto de Origem","locality:Pelotas/RS, family:ponto-de-origem","4","3893751","Pai Gaúcho Pescador Churrasqueiro · Lenda","86","same-uf","+80 same-uf:RS; +6 popularity"
"use-sul","city","3826628","São Borja · Ponto de Origem","locality:São Borja/RS, family:ponto-de-origem","1","4711028","São Borja · Feito em","1000","same-locality:feito-em","same-locality:feito-em"
"use-sul","city","3826628","São Borja · Ponto de Origem","locality:São Borja/RS, family:ponto-de-origem","2","3826580","São Borja · Coordenadas","999","same-locality:coordinates","same-locality:coordenadas"
"use-sul","city","3826628","São Borja · Ponto de Origem","locality:São Borja/RS, family:ponto-de-origem","3","3922114","Made in Rio Grande do Sul","150","same-uf","+80 same-uf:RS; +60 complementary-family:state-identity; +10 popularity"
"use-sul","city","3826628","São Borja · Ponto de Origem","locality:São Borja/RS, family:ponto-de-origem","4","3893751","Pai Gaúcho Pescador Churrasqueiro · Lenda","86","same-uf","+80 same-uf:RS; +6 popularity"
"use-sul","city","3818532","Tubarão · Ponto de Origem","locality:Tubarão/SC, family:ponto-de-origem","1","4717702","Tubarão · Feito em","1000","same-locality:feito-em","same-locality:feito-em"
"use-sul","city","3818532","Tubarão · Ponto de Origem","locality:Tubarão/SC, family:ponto-de-origem","2","4409845","Tubarão · Legado","999","same-locality:family","same-locality:legado"
"use-sul","city","3818532","Tubarão · Ponto de Origem","locality:Tubarão/SC, family:ponto-de-origem","3","3922104","Made in Santa Catarina","150","same-uf","+80 same-uf:SC; +60 complementary-family:state-identity; +10 popularity"
"use-sul","city","3818532","Tubarão · Ponto de Origem","locality:Tubarão/SC, family:ponto-de-origem","4","3778243","Sul Catarinense · 048","140","same-region","+80 same-uf:SC; +60 same-region:sul-catarinense"
"use-sul","city","4851012","Bonja · Ponto de Origem","locality:Bom Jesus/RS, family:ponto-de-origem, variant:regional, sub-locality","1","4110649","Bom Jesus · Coordenadas","1000","same-locality:coordinates","same-locality:coordenadas"
"use-sul","city","4851012","Bonja · Ponto de Origem","locality:Bom Jesus/RS, family:ponto-de-origem, variant:regional, sub-locality","2","4410530","Bom Jesus · Legado","999","same-locality:family","same-locality:legado"
"use-sul","city","4851012","Bonja · Ponto de Origem","locality:Bom Jesus/RS, family:ponto-de-origem, variant:regional, sub-locality","3","3922114","Made in Rio Grande do Sul","150","same-uf","+80 same-uf:RS; +60 complementary-family:state-identity; +10 popularity"
"use-sul","city","4851012","Bonja · Ponto de Origem","locality:Bom Jesus/RS, family:ponto-de-origem, variant:regional, sub-locality","4","4679045","Caxias do Sul · Santa Teresa D'Ávila","140","same-region","+80 same-uf:RS; +60 same-region:nordeste-rio-grandense"
"use-sul","editorial","4430200","Amigas lá de Caibaté","personal-order","","","","","",""
"use-sul","editorial","3922114","Made in Rio Grande do Sul","uf:RS(state-name), collection:da-nossa-terra, line:made in, state-identity","1","3922104","Made in Santa Catarina","250","same-collection","+120 same-collection:da-nossa-terra; +90 same-line:made in; +30 shared-tokens:made; +10 popularity"
"use-sul","editorial","3922114","Made in Rio Grande do Sul","uf:RS(state-name), collection:da-nossa-terra, line:made in, state-identity","2","3922102","Made in Paraná","250","same-collection","+120 same-collection:da-nossa-terra; +90 same-line:made in; +30 shared-tokens:made; +10 popularity"
"use-sul","editorial","3922114","Made in Rio Grande do Sul","uf:RS(state-name), collection:da-nossa-terra, line:made in, state-identity","3","3778408","Sul Gaúcho · 053","110","same-uf","+80 same-uf:RS; +30 shared-tokens:sul"
"use-sul","editorial","3922114","Made in Rio Grande do Sul","uf:RS(state-name), collection:da-nossa-terra, line:made in, state-identity","4","4679045","Caxias do Sul · Santa Teresa D'Ávila","110","same-uf","+80 same-uf:RS; +30 shared-tokens:sul"
"use-sul","editorial","4718809","Avô · Mate de Origem","collection:dia-dos-pais, line:mate de origem, theme:mate, theme:pai","1","4718822","Pai · Mate de Origem","260","same-collection","+120 same-collection:dia-dos-pais; +90 same-line:mate de origem; +50 same-theme:mate"
"use-sul","editorial","4718809","Avô · Mate de Origem","collection:dia-dos-pais, line:mate de origem, theme:mate, theme:pai","2","4712811","Pai Cristão Gaiteiro Catarinense Churrasqueiro","172","same-collection","+120 same-collection:dia-dos-pais; +50 same-theme:pai; +2 popularity"
"use-sul","editorial","4718809","Avô · Mate de Origem","collection:dia-dos-pais, line:mate de origem, theme:mate, theme:pai","3","4722425","Alemão Cervejeiro · Meu Pai","172","same-collection","+120 same-collection:dia-dos-pais; +50 same-theme:pai; +2 popularity"
"use-sul","editorial","4932916","Serra Catarinense","uf:SC(demonym), collection:do-nosso-jeito, state-identity, theme:serra","1","4932892","Verão Catarinense","230","same-collection","+120 same-collection:do-nosso-jeito; +80 same-uf:SC; +30 shared-tokens:catarinense"
"use-sul","editorial","4932916","Serra Catarinense","uf:SC(demonym), collection:do-nosso-jeito, state-identity, theme:serra","2","4933119","Vida no Sul — Serra Edition","170","same-collection","+120 same-collection:do-nosso-jeito; +50 same-theme:serra"
"use-sul","editorial","4932916","Serra Catarinense","uf:SC(demonym), collection:do-nosso-jeito, state-identity, theme:serra","3","3778262","Região Serrana · 049","130","same-theme","+80 same-uf:SC; +50 same-theme:serra"
"use-sul","editorial","4932916","Serra Catarinense","uf:SC(demonym), collection:do-nosso-jeito, state-identity, theme:serra","4","3778599","Vai da Onda · Litoral Catarinense","114","same-uf","+80 same-uf:SC; +30 shared-tokens:catarinense; +4 popularity"
"use-sul","editorial","3822367","Vamo dale pra não tomale · Dizeres","collection:fala-daqui, line:dizeres","1","3822354","Não mi intizica · Dizeres","244","same-collection","+120 same-collection:fala-daqui; +90 same-line:dizeres; +30 shared-tokens:nao; +4 popularity"
"use-sul","editorial","3822367","Vamo dale pra não tomale · Dizeres","collection:fala-daqui, line:dizeres","2","3822365","Vamo dale · Dizeres","244","same-collection","+120 same-collection:fala-daqui; +90 same-line:dizeres; +30 shared-tokens:dale,vamo; +4 popularity"
"use-sul","editorial","3822367","Vamo dale pra não tomale · Dizeres","collection:fala-daqui, line:dizeres","3","3850442","Se quex quex se não quex dix · Dizeres","242","same-collection","+120 same-collection:fala-daqui; +90 same-line:dizeres; +30 shared-tokens:nao; +2 popularity"
"use-sul","editorial","4678846","Tijucas · São Sebastião","uf:SC(locality), locality:Tijucas, meso:grande-florianopolis, collection:fe-de-origem, line:sao sebastiao","1","4679022","Florianópolis · Nossa Senhora do Desterro","260","same-collection","+120 same-collection:fe-de-origem; +80 same-uf:SC; +60 same-region:grande-florianopolis"
"use-sul","editorial","4678846","Tijucas · São Sebastião","uf:SC(locality), locality:Tijucas, meso:grande-florianopolis, collection:fe-de-origem, line:sao sebastiao","2","4678967","Laguna · Santo Antônio","200","same-collection","+120 same-collection:fe-de-origem; +80 same-uf:SC"
"use-sul","editorial","4678846","Tijucas · São Sebastião","uf:SC(locality), locality:Tijucas, meso:grande-florianopolis, collection:fe-de-origem, line:sao sebastiao","3","3827650","Tijucas · Coordenadas","192","same-locality:coordinates","+80 same-uf:SC; +60 same-region:grande-florianopolis; +30 shared-tokens:tijucas; +20 same-locality; +2 popularity"
"use-sul","editorial","4678846","Tijucas · São Sebastião","uf:SC(locality), locality:Tijucas, meso:grande-florianopolis, collection:fe-de-origem, line:sao sebastiao","4","4717579","Tijucas · Feito em","190","same-locality:feito-em","+80 same-uf:SC; +60 same-region:grande-florianopolis; +30 shared-tokens:tijucas; +20 same-locality"
"use-sul","editorial","3893751","Pai Gaúcho Pescador Churrasqueiro · Lenda","uf:RS(demonym), collection:feito-para-voce, line:lenda, theme:churrasco, theme:gauchesco, theme:litoral, theme:pai","1","3806445","Pai Gaúcho Gremista · Lenda","374","same-collection","+120 same-collection:feito-para-voce; +90 same-line:lenda; +80 same-uf:RS; +50 same-theme:gauchesco; +30 shared-tokens:gaucho,pai; +4 popularity"
"use-sul","editorial","3893751","Pai Gaúcho Pescador Churrasqueiro · Lenda","uf:RS(demonym), collection:feito-para-voce, line:lenda, theme:churrasco, theme:gauchesco, theme:litoral, theme:pai","2","3806453","Marido Gaúcho Colorado · Lenda","372","same-collection","+120 same-collection:feito-para-voce; +90 same-line:lenda; +80 same-uf:RS; +50 same-theme:gauchesco; +30 shared-tokens:gaucho; +2 popularity"
"use-sul","editorial","3893751","Pai Gaúcho Pescador Churrasqueiro · Lenda","uf:RS(demonym), collection:feito-para-voce, line:lenda, theme:churrasco, theme:gauchesco, theme:litoral, theme:pai","3","3844059","Gaúcho · Essência","166","same-theme","+80 same-uf:RS; +50 same-theme:gauchesco; +30 shared-tokens:gaucho; +6 popularity"
"use-sul","editorial","3893751","Pai Gaúcho Pescador Churrasqueiro · Lenda","uf:RS(demonym), collection:feito-para-voce, line:lenda, theme:churrasco, theme:gauchesco, theme:litoral, theme:pai","4","3778408","Sul Gaúcho · 053","160","same-theme","+80 same-uf:RS; +50 same-theme:gauchesco; +30 shared-tokens:gaucho"
"use-sul","editorial","3809962","Bretzel e Chopp · Treino","collection:pre-treino-raiz, line:treino, theme:cerveja","1","3809801","Marreco e Chopp · Treino P&B","290","same-collection","+120 same-collection:pre-treino-raiz; +90 same-line:treino; +50 same-theme:cerveja; +30 shared-tokens:chopp"
"use-sul","editorial","3809962","Bretzel e Chopp · Treino","collection:pre-treino-raiz, line:treino, theme:cerveja","2","3809752","Tainha e Cerveja · Treino","260","same-collection","+120 same-collection:pre-treino-raiz; +90 same-line:treino; +50 same-theme:cerveja"
"use-sul","editorial","3809962","Bretzel e Chopp · Treino","collection:pre-treino-raiz, line:treino, theme:cerveja","3","3809768","Pirão e Cerveja · Treino","260","same-collection","+120 same-collection:pre-treino-raiz; +90 same-line:treino; +50 same-theme:cerveja"
"use-sul","editorial","3776869","Paraná · Mapa","uf:PR(state-name), line:mapa, state-identity","1","3922102","Made in Paraná","120","same-uf","+80 same-uf:PR; +30 shared-tokens:parana; +10 popularity"
"use-sul","editorial","3776869","Paraná · Mapa","uf:PR(state-name), line:mapa, state-identity","2","5071852","Paranaense · Bicho do Paraná","110","same-uf","+80 same-uf:PR; +30 shared-tokens:parana"
"use-sul","editorial","3776869","Paraná · Mapa","uf:PR(state-name), line:mapa, state-identity","3","3778484","Noroeste Paranaense · 044","83","same-uf","+80 same-uf:PR; +3 popularity"
"use-sul","editorial","3776869","Paraná · Mapa","uf:PR(state-name), line:mapa, state-identity","4","3778494","Oeste Paranaense · 045","83","same-uf","+80 same-uf:PR; +3 popularity"
"use-sul","editorial","3922104","Made in Santa Catarina","uf:SC(state-name), collection:da-nossa-terra, line:made in, state-identity","1","3922114","Made in Rio Grande do Sul","250","same-collection","+120 same-collection:da-nossa-terra; +90 same-line:made in; +30 shared-tokens:made; +10 popularity"
"use-sul","editorial","3922104","Made in Santa Catarina","uf:SC(state-name), collection:da-nossa-terra, line:made in, state-identity","2","3922102","Made in Paraná","250","same-collection","+120 same-collection:da-nossa-terra; +90 same-line:made in; +30 shared-tokens:made; +10 popularity"
"use-sul","editorial","3922104","Made in Santa Catarina","uf:SC(state-name), collection:da-nossa-terra, line:made in, state-identity","3","3778231","Grande Florianópolis · 048","85","same-uf","+80 same-uf:SC; +5 popularity"
"use-sul","editorial","3922104","Made in Santa Catarina","uf:SC(state-name), collection:da-nossa-terra, line:made in, state-identity","4","3778282","Norte Catarinense · 047","83","same-uf","+80 same-uf:SC; +3 popularity"
"use-sul","editorial","4712811","Pai Cristão Gaiteiro Catarinense Churrasqueiro","uf:SC(demonym), collection:dia-dos-pais, theme:churrasco, theme:pai","1","4722423","Churrasqueiro Raiz · Meu Pai","200","same-collection","+120 same-collection:dia-dos-pais; +50 same-theme:churrasco; +30 shared-tokens:churrasqueiro,pai"
"use-sul","editorial","4712811","Pai Cristão Gaiteiro Catarinense Churrasqueiro","uf:SC(demonym), collection:dia-dos-pais, theme:churrasco, theme:pai","2","4722431","Gaiteiro · Meu Pai","200","same-collection","+120 same-collection:dia-dos-pais; +50 same-theme:pai; +30 shared-tokens:gaiteiro"
"use-sul","editorial","4712811","Pai Cristão Gaiteiro Catarinense Churrasqueiro","uf:SC(demonym), collection:dia-dos-pais, theme:churrasco, theme:pai","3","3806390","Pai Catarinense Pescador · Lenda","162","same-theme","+80 same-uf:SC; +50 same-theme:pai; +30 shared-tokens:catarinense; +2 popularity"
"use-sul","editorial","4712811","Pai Cristão Gaiteiro Catarinense Churrasqueiro","uf:SC(demonym), collection:dia-dos-pais, theme:churrasco, theme:pai","4","4476653","Pai Catarinense Criciúma Içara · Lenda","160","same-theme","+80 same-uf:SC; +50 same-theme:pai; +30 shared-tokens:catarinense"
"use-sul","editorial","4933168","Vida no Sul — Estância Edition","collection:do-nosso-jeito, line:estancia edition, theme:campo","1","4932815","Dark Side of the Pampa","170","same-collection","+120 same-collection:do-nosso-jeito; +50 same-theme:campo"
"use-sul","editorial","4933168","Vida no Sul — Estância Edition","collection:do-nosso-jeito, line:estancia edition, theme:campo","2","4933035","Os Quatro do Pago","170","same-collection","+120 same-collection:do-nosso-jeito; +50 same-theme:campo"
"use-sul","editorial","4933168","Vida no Sul — Estância Edition","collection:do-nosso-jeito, line:estancia edition, theme:campo","3","4932991","Abbey Road do Sul","150","same-collection","+120 same-collection:do-nosso-jeito; +30 shared-tokens:sul"
"use-sul","editorial","3822327","Côza linda · Dizeres","collection:fala-daqui, line:dizeres, theme:manezinho","1","3824074","Esposa do côza linda · Dizeres","295","same-collection","+120 same-collection:fala-daqui; +90 same-line:dizeres; +50 same-theme:manezinho; +30 shared-tokens:coza,linda; +5 popularity"
"use-sul","editorial","3822327","Côza linda · Dizeres","collection:fala-daqui, line:dizeres, theme:manezinho","2","3822354","Não mi intizica · Dizeres","264","same-collection","+120 same-collection:fala-daqui; +90 same-line:dizeres; +50 same-theme:manezinho; +4 popularity"
"use-sul","editorial","3822327","Côza linda · Dizeres","collection:fala-daqui, line:dizeres, theme:manezinho","3","3850442","Se quex quex se não quex dix · Dizeres","262","same-collection","+120 same-collection:fala-daqui; +90 same-line:dizeres; +50 same-theme:manezinho; +2 popularity"
"use-sul","editorial","4678903","Santa Maria · Nossa Senhora Medianeira","uf:RS(locality), locality:Santa Maria, meso:centro-ocidental-rio-grandense, collection:fe-de-origem, line:nossa senhora medianeira","1","4679045","Caxias do Sul · Santa Teresa D'Ávila","230","same-collection","+120 same-collection:fe-de-origem; +80 same-uf:RS; +30 shared-tokens:santa"
"use-sul","editorial","4678903","Santa Maria · Nossa Senhora Medianeira","uf:RS(locality), locality:Santa Maria, meso:centro-ocidental-rio-grandense, collection:fe-de-origem, line:nossa senhora medianeira","2","3814424","Santa Maria · Coordenadas","195","same-locality:coordinates","+80 same-uf:RS; +60 same-region:centro-ocidental-rio-grandense; +30 shared-tokens:maria,santa; +20 same-locality; +5 popularity"
"use-sul","editorial","4678903","Santa Maria · Nossa Senhora Medianeira","uf:RS(locality), locality:Santa Maria, meso:centro-ocidental-rio-grandense, collection:fe-de-origem, line:nossa senhora medianeira","3","4710766","Santa Maria · Feito em","190","same-locality:feito-em","+80 same-uf:RS; +60 same-region:centro-ocidental-rio-grandense; +30 shared-tokens:maria,santa; +20 same-locality"
"use-sul","editorial","4678903","Santa Maria · Nossa Senhora Medianeira","uf:RS(locality), locality:Santa Maria, meso:centro-ocidental-rio-grandense, collection:fe-de-origem, line:nossa senhora medianeira","4","4678925","Maringá · Nossa Senhora da Glória","150","same-collection","+120 same-collection:fe-de-origem; +30 shared-tokens:nossa,senhora"
"use-sul","editorial","3806445","Pai Gaúcho Gremista · Lenda","uf:RS(demonym), collection:feito-para-voce, line:lenda, theme:futebol, theme:gauchesco, theme:pai","1","3893751","Pai Gaúcho Pescador Churrasqueiro · Lenda","376","same-collection","+120 same-collection:feito-para-voce; +90 same-line:lenda; +80 same-uf:RS; +50 same-theme:gauchesco; +30 shared-tokens:gaucho,pai; +6 popularity"
"use-sul","editorial","3806445","Pai Gaúcho Gremista · Lenda","uf:RS(demonym), collection:feito-para-voce, line:lenda, theme:futebol, theme:gauchesco, theme:pai","2","3806453","Marido Gaúcho Colorado · Lenda","372","same-collection","+120 same-collection:feito-para-voce; +90 same-line:lenda; +80 same-uf:RS; +50 same-theme:futebol; +30 shared-tokens:gaucho; +2 popularity"
"use-sul","editorial","3806445","Pai Gaúcho Gremista · Lenda","uf:RS(demonym), collection:feito-para-voce, line:lenda, theme:futebol, theme:gauchesco, theme:pai","3","3844059","Gaúcho · Essência","166","same-theme","+80 same-uf:RS; +50 same-theme:gauchesco; +30 shared-tokens:gaucho; +6 popularity"
"use-sul","editorial","3806445","Pai Gaúcho Gremista · Lenda","uf:RS(demonym), collection:feito-para-voce, line:lenda, theme:futebol, theme:gauchesco, theme:pai","4","3778408","Sul Gaúcho · 053","160","same-theme","+80 same-uf:RS; +50 same-theme:gauchesco; +30 shared-tokens:gaucho"
"use-sul","editorial","3809752","Tainha e Cerveja · Treino","collection:pre-treino-raiz, line:treino, theme:cerveja, theme:litoral","1","3809962","Bretzel e Chopp · Treino","262","same-collection","+120 same-collection:pre-treino-raiz; +90 same-line:treino; +50 same-theme:cerveja; +2 popularity"
"use-sul","editorial","3809752","Tainha e Cerveja · Treino","collection:pre-treino-raiz, line:treino, theme:cerveja, theme:litoral","2","3809768","Pirão e Cerveja · Treino","260","same-collection","+120 same-collection:pre-treino-raiz; +90 same-line:treino; +50 same-theme:cerveja"
"use-sul","editorial","3809752","Tainha e Cerveja · Treino","collection:pre-treino-raiz, line:treino, theme:cerveja, theme:litoral","3","4933097","Tainha Peppers","80","same-theme","+50 same-theme:litoral; +30 shared-tokens:tainha"
"use-sul","editorial","3809752","Tainha e Cerveja · Treino","collection:pre-treino-raiz, line:treino, theme:cerveja, theme:litoral","4","4933183","Ataque da Tainha","80","same-theme","+50 same-theme:litoral; +30 shared-tokens:tainha"
"use-sul","editorial","4433936","Pai Gaúcho Colorado Assador","uf:RS(demonym), theme:churrasco, theme:futebol, theme:gauchesco, theme:pai","1","3844059","Gaúcho · Essência","166","same-theme","+80 same-uf:RS; +50 same-theme:gauchesco; +30 shared-tokens:gaucho; +6 popularity"
"use-sul","editorial","4433936","Pai Gaúcho Colorado Assador","uf:RS(demonym), theme:churrasco, theme:futebol, theme:gauchesco, theme:pai","2","3893751","Pai Gaúcho Pescador Churrasqueiro · Lenda","166","same-theme","+80 same-uf:RS; +50 same-theme:churrasco; +30 shared-tokens:gaucho,pai; +6 popularity"
"use-sul","editorial","4433936","Pai Gaúcho Colorado Assador","uf:RS(demonym), theme:churrasco, theme:futebol, theme:gauchesco, theme:pai","3","3806445","Pai Gaúcho Gremista · Lenda","164","same-theme","+80 same-uf:RS; +50 same-theme:futebol; +30 shared-tokens:gaucho,pai; +4 popularity"
"use-sul","editorial","4433936","Pai Gaúcho Colorado Assador","uf:RS(demonym), theme:churrasco, theme:futebol, theme:gauchesco, theme:pai","4","3778408","Sul Gaúcho · 053","160","same-theme","+80 same-uf:RS; +50 same-theme:gauchesco; +30 shared-tokens:gaucho"
"use-sul","editorial","3774449","Santa Catarina · Clean","uf:SC(state-name), collection:da-nossa-terra, line:clean, state-identity","1","3922104","Made in Santa Catarina","240","same-collection","+120 same-collection:da-nossa-terra; +80 same-uf:SC; +30 shared-tokens:catarina,santa; +10 popularity"
"use-sul","editorial","3774449","Santa Catarina · Clean","uf:SC(state-name), collection:da-nossa-terra, line:clean, state-identity","2","3774572","Paraná · Clean","218","same-collection","+120 same-collection:da-nossa-terra; +90 same-line:clean; +8 popularity"
"use-sul","editorial","3774449","Santa Catarina · Clean","uf:SC(state-name), collection:da-nossa-terra, line:clean, state-identity","3","3778231","Grande Florianópolis · 048","85","same-uf","+80 same-uf:SC; +5 popularity"
"use-sul","editorial","3774449","Santa Catarina · Clean","uf:SC(state-name), collection:da-nossa-terra, line:clean, state-identity","4","3778282","Norte Catarinense · 047","83","same-uf","+80 same-uf:SC; +3 popularity"
"use-sul","editorial","4719881","Avô · Raiz da Família","collection:dia-dos-pais, line:raiz da familia, theme:familia, theme:pai","1","4722423","Churrasqueiro Raiz · Meu Pai","200","same-collection","+120 same-collection:dia-dos-pais; +50 same-theme:pai; +30 shared-tokens:raiz"
"use-sul","editorial","4719881","Avô · Raiz da Família","collection:dia-dos-pais, line:raiz da familia, theme:familia, theme:pai","2","4712811","Pai Cristão Gaiteiro Catarinense Churrasqueiro","172","same-collection","+120 same-collection:dia-dos-pais; +50 same-theme:pai; +2 popularity"
"use-sul","editorial","4719881","Avô · Raiz da Família","collection:dia-dos-pais, line:raiz da familia, theme:familia, theme:pai","3","4722425","Alemão Cervejeiro · Meu Pai","172","same-collection","+120 same-collection:dia-dos-pais; +50 same-theme:pai; +2 popularity"
"use-sul","editorial","4932737","Horizonte Gaúcho","uf:RS(demonym), collection:do-nosso-jeito, state-identity, theme:gauchesco","1","4933797","O Grito do Gaúcho","280","same-collection","+120 same-collection:do-nosso-jeito; +80 same-uf:RS; +50 same-theme:gauchesco; +30 shared-tokens:gaucho"
"use-sul","editorial","4932737","Horizonte Gaúcho","uf:RS(demonym), collection:do-nosso-jeito, state-identity, theme:gauchesco","2","4933669","Just Bah It","170","same-collection","+120 same-collection:do-nosso-jeito; +50 same-theme:gauchesco"
"use-sul","editorial","4932737","Horizonte Gaúcho","uf:RS(demonym), collection:do-nosso-jeito, state-identity, theme:gauchesco","3","3893751","Pai Gaúcho Pescador Churrasqueiro · Lenda","166","same-theme","+80 same-uf:RS; +50 same-theme:gauchesco; +30 shared-tokens:gaucho; +6 popularity"
"use-sul","editorial","4932737","Horizonte Gaúcho","uf:RS(demonym), collection:do-nosso-jeito, state-identity, theme:gauchesco","4","3806445","Pai Gaúcho Gremista · Lenda","164","same-theme","+80 same-uf:RS; +50 same-theme:gauchesco; +30 shared-tokens:gaucho; +4 popularity"
"use-sul","editorial","3822561","Guria · Dizeres","collection:fala-daqui, line:dizeres, theme:gauchesco","1","3849104","Pai de Guria · Dizeres","293","same-collection","+120 same-collection:fala-daqui; +90 same-line:dizeres; +50 same-theme:gauchesco; +30 shared-tokens:guria; +3 popularity"
"use-sul","editorial","3822561","Guria · Dizeres","collection:fala-daqui, line:dizeres, theme:gauchesco","2","4851391","Mãe de Gúria · Dizeres","292","same-collection","+120 same-collection:fala-daqui; +90 same-line:dizeres; +50 same-theme:gauchesco; +30 shared-tokens:guria; +2 popularity"
"use-sul","editorial","3822561","Guria · Dizeres","collection:fala-daqui, line:dizeres, theme:gauchesco","3","3822563","Mãe da guria · Dizeres","290","same-collection","+120 same-collection:fala-daqui; +90 same-line:dizeres; +50 same-theme:gauchesco; +30 shared-tokens:guria"
"use-sul","editorial","4678925","Maringá · Nossa Senhora da Glória","uf:PR(locality), locality:Maringá, meso:norte-central-paranaense, collection:fe-de-origem, line:nossa senhora da gloria","1","4678947","Londrina · Sagrado Coração de Jesus","260","same-collection","+120 same-collection:fe-de-origem; +80 same-uf:PR; +60 same-region:norte-central-paranaense"
"use-sul","editorial","4678925","Maringá · Nossa Senhora da Glória","uf:PR(locality), locality:Maringá, meso:norte-central-paranaense, collection:fe-de-origem, line:nossa senhora da gloria","2","4678997","Foz do Iguaçu · São João Batista","200","same-collection","+120 same-collection:fe-de-origem; +80 same-uf:PR"
"use-sul","editorial","4678925","Maringá · Nossa Senhora da Glória","uf:PR(locality), locality:Maringá, meso:norte-central-paranaense, collection:fe-de-origem, line:nossa senhora da gloria","3","3792021","Maringá · Coordenadas","190","same-locality:coordinates","+80 same-uf:PR; +60 same-region:norte-central-paranaense; +30 shared-tokens:maringa; +20 same-locality"
"use-sul","editorial","4678925","Maringá · Nossa Senhora da Glória","uf:PR(locality), locality:Maringá, meso:norte-central-paranaense, collection:fe-de-origem, line:nossa senhora da gloria","4","4704106","Maringá · Feito em","190","same-locality:feito-em","+80 same-uf:PR; +60 same-region:norte-central-paranaense; +30 shared-tokens:maringa; +20 same-locality"
"use-sul","editorial","3822253","Pai Paranaense Churrasqueiro · Lenda","uf:PR(demonym), collection:feito-para-voce, line:lenda, theme:churrasco, theme:pai","1","3806483","Pai Paranaense Trilheiro · Lenda","370","same-collection","+120 same-collection:feito-para-voce; +90 same-line:lenda; +80 same-uf:PR; +50 same-theme:pai; +30 shared-tokens:paranaense"
"use-sul","editorial","3822253","Pai Paranaense Churrasqueiro · Lenda","uf:PR(demonym), collection:feito-para-voce, line:lenda, theme:churrasco, theme:pai","2","3806479","Mãe Paranaense Corredora · Lenda","322","same-collection","+120 same-collection:feito-para-voce; +90 same-line:lenda; +80 same-uf:PR; +30 shared-tokens:paranaense; +2 popularity"
"use-sul","editorial","3822253","Pai Paranaense Churrasqueiro · Lenda","uf:PR(demonym), collection:feito-para-voce, line:lenda, theme:churrasco, theme:pai","3","3844110","Paranaense · Essência","120","same-uf","+80 same-uf:PR; +30 shared-tokens:paranaense; +10 popularity"
"use-sul","editorial","3822253","Pai Paranaense Churrasqueiro · Lenda","uf:PR(demonym), collection:feito-para-voce, line:lenda, theme:churrasco, theme:pai","4","3778484","Noroeste Paranaense · 044","113","same-uf","+80 same-uf:PR; +30 shared-tokens:paranaense; +3 popularity"
"use-sul","editorial","3809766","Tainha e Cerveja · Treino P&B","collection:pre-treino-raiz, line:treino, theme:cerveja, theme:litoral","1","3809962","Bretzel e Chopp · Treino","262","same-collection","+120 same-collection:pre-treino-raiz; +90 same-line:treino; +50 same-theme:cerveja; +2 popularity"
"use-sul","editorial","3809766","Tainha e Cerveja · Treino P&B","collection:pre-treino-raiz, line:treino, theme:cerveja, theme:litoral","2","3809768","Pirão e Cerveja · Treino","260","same-collection","+120 same-collection:pre-treino-raiz; +90 same-line:treino; +50 same-theme:cerveja"
"use-sul","editorial","3809766","Tainha e Cerveja · Treino P&B","collection:pre-treino-raiz, line:treino, theme:cerveja, theme:litoral","3","4933097","Tainha Peppers","80","same-theme","+50 same-theme:litoral; +30 shared-tokens:tainha"
"use-sul","editorial","3809766","Tainha e Cerveja · Treino P&B","collection:pre-treino-raiz, line:treino, theme:cerveja, theme:litoral","4","4933183","Ataque da Tainha","80","same-theme","+50 same-theme:litoral; +30 shared-tokens:tainha"
